codes,colspecs,descs
V0101,"(0, 4)",ano_de_referencia
UF,"(4, 6)",unidade_da_federacao
V0102,"(4, 12)",numero_de_controle
V0103,"(12, 15)",numero_de_serie
V0301,"(15, 17)",numero_de_ordem
V0302,"(17, 18)",sexo
V3031,"(18, 20)",dia_de_nascimento
V3032,"(20, 22)",mes_de_nascimento
V3033,"(22, 26)",ano_de_nascimento
V8005,"(26, 29)",idade_do_morador_na_data_de_referencia
V0401,"(29, 30)",condicao_na_unidade_domiciliar
V0402,"(30, 31)",condicao_na_familia
V0403,"(31, 32)",numero_da_familia
V0404,"(32, 33)",cor_ou_raca
V0405,"(33, 34)",tem_mae_viva
V0406,"(34, 35)",mae_mora_no_domicilio
V0407,"(35, 37)",numero_de_ordem_da_mae_
V0408,"(37, 38)",tem_registro_de_nascimento
V4111,"(38, 39)",vive_em_companhia_de_conjuge_ou_companheiro(a)
V4112,"(39, 40)",natureza_da_uniao
V4011,"(40, 41)",estado_civil
V0412,"(41, 42)",o_informante_desta_parte_foi
V0501,"(42, 43)",nasceu_no_municipio_de_residencia
V0502,"(43, 44)",nasceu_na_unidade_da_federacao_de_residencia
V5030,"(44, 46)",lugar_de_nascimento
V0504,"(46, 47)",morou_em_outra_unidade_da_federacao_ou_pais_estrangeiro
V0505,"(47, 48)",morava_na_unidade_da_federacao_na_data_de_referencia_
V5061,"(48, 49)",tinha_ate_4_anos_ininterruptos_de_residencia_na_unidade_da_federacao
V5062,"(49, 50)",tempo_de_residencia_na_unidade_da_federacao_(ate_4_anos)
V5063,"(50, 51)",tinha_de_5_a_9_anos_ininterruptos_de_residencia_na_unidade_da_federacao
V5064,"(51, 52)",tempo_de_residencia_na_unidade_da_federacao_(de_5_a_9_anos)
V5065,"(52, 53)",tinha_10_anos_ou_mais_de_residencia_na_unidade_da_federacao
V0507,"(53, 54)",morava_na_unidade_da_federacao_ha_5_anos_da_data_de_referencia
V5080,"(54, 56)",lugar_de_residencia_ha_5_anos_da_data_de_referencia
V5090,"(56, 58)",lugar_de_residencia_anterior
V0510,"(58, 59)",morava_no_municipio_na_data_de_referencia
V0511,"(59, 60)",morou_em_outro_municipio_na_unidade_da_federacao
V5121,"(60, 61)",tinha_ate_4_anos_ininterruptos_de_residencia_no_municipio
V5122,"(61, 62)",tempo_de_residencia_no_municipio_(ate_4_anos)
V5123,"(62, 63)",tinha_de_5_a_9_anos_ininterruptos_de_residencia_no_municipio
V5124,"(63, 64)",tempo_de_residencia_no_municipio_(de_5_a_9_anos)
V5125,"(64, 65)",tinha_10_anos_ou_mais_de_residencia_no_municipio
V5126,"(65, 66)",o_informante_desta_parte_foi
V0601,"(66, 67)",sabe_ler_e_escrever
V0602,"(67, 68)",frequenta_escola_ou_creche
V6002,"(68, 69)",rede_de_ensino
V6020,"(69, 70)",area_da_rede_publica_de_ensino
V6003,"(70, 72)",curso_que_frequenta
V6030,"(72, 73)",duracao_do_ensino_fundamental
V0604,"(73, 74)",o_curso_que_frequenta_e_seriado
V0605,"(74, 75)",serie_que_frequenta
V0606,"(75, 76)",anteriormente_frequentou_escola_ou_creche
V6007,"(76, 78)",curso_mais_elevado_que_frequentou_anteriormente
V6070,"(78, 79)",duracao_do_ensino_fundamental_que_frequentou_anteriormente
V0608,"(79, 80)",este_curso_que_frequentou_anteriormente_era_seriado
V0609,"(80, 81)",concluiu_com_aprovacao_pelo_menos_a_1a_serie_deste_curso_que_frequentou_anteriormente
V0610,"(81, 82)",ultima_serie_concluida_com_aprovacao_neste_curso_que_frequentou_anteriormente
V0611,"(82, 83)",concluiu_este_curso_que_frequentou_anteriormente
V06111,"(83, 84)",nos_ultimos_tres_meses_utilizou_a_internet_em_algum_local
V061111,"(84, 85)",nos_ultimos_doze_meses_utilizou_a_internet_em_algum_local
V061112,"(85, 86)",o_acesso_a_internet_foi_feito_atraves_de_microcomputador
V061113,"(86, 87)",o_acesso_a_internet_foi_feito_atraves_de_telefone_celular
V061114,"(87, 88)",o_acesso_a_internet_foi_feito_atraves_de_tablet
V061115,"(88, 89)",o_acesso_a_internet_foi_feito_atraves_de_tv
V061116,"(89, 90)",o_acesso_a_internet_foi_feito_atraves_de_outro_equipamento_eletronico
V06112,"(90, 91)",tem_telefone_movel_celular_para_uso_pessoal
V0612,"(91, 92)",o_informante_desta_parte_foi
V0701,"(92, 93)",teve_algum_trabalho_no_periodo_de_referencia_de_365_dias
V0702,"(93, 94)",exerceu_tarefas_em_cultivo_pesca_ou_criacao_de_animais_destinados_a_propria_alimentacao_das_pessoas_moradoras_no_domicilio_no_periodo_de_referencia_de_365_dias
V0703,"(94, 95)",exerceu_tarefas_em_construcao_de_predio_comodo_poco_ou_outras_obras_de_construcao_destinadas_ao_proprio_uso_das_pessoas_moradoras_no_domicilio_no_periodo_de_referencia_de_365_dias
V0704,"(95, 96)",trabalhou_na_semana_de_referencia
V0705,"(96, 97)",esteve_afastado_temporariamente_do_trabalho_remunerado_que_tinha_na_semana_de_referencia
V7060,"(97, 101)",codigo_da_ocupacao_no_trabalho_do_periodo_de_captacao_de_358_dias
V7070,"(101, 106)",codigo_da_atividade_principal_do_empreendimento_no_trabalho_do_periodo_de_captacao_de_358_dias
V0708,"(106, 107)",posicao_na_ocupacao_no_trabalho_do_periodo_de_captacao_de_358_dias
V7090,"(107, 111)",codigo_da_ocupacao_no_trabalho_da_semana_de_referencia
V7100,"(111, 116)",codigo_da_atividade_principal_do_empreendimento_no_trabalho_da_semana_de_referencia
V0711,"(116, 117)",posicao_na_ocupacao_no_trabalho_da_semana_de_referencia
V7121,"(117, 118)",codigo_2_-_recebia_normalmente_rendimento_mensal_em_dinheiro_no_mes_de_referencia_no(s)_trabalho(s)_da_semana_de_referencia
V7122,"(118, 130)",rendimento_mensal_em_dinheiro_que_recebia_normalmente_no_mes_de_referencia_no(s)_trabalho(s)_da_semana_de_referencia
V7124,"(130, 131)",codigo_4_-_recebia_normalmente_rendimento_mensal_em_produtos_ou_mercadorias_no_mes_de_referencia_no(s)_trabalho(s)_da_semana_de_referencia
V7125,"(131, 143)",rendimento_mensal_em_valor_dos_produtos_ou_mercadorias_que_recebia_normalmente_no_mes_de_referencia_no(s)_trabalho(s)_da_semana_de_referencia
V7127,"(143, 144)",codigo_6_-_recebia_normalmente_rendimento_mensal_somente_em_beneficios_no_mes_de_referencia_no(s)_trabalho(s)_da_semana_de_referencia
V7128,"(144, 145)",codigo_8_-_era_trabalhador_nao_remunerado_no(s)_trabalho(s)_da_semana_de_referencia
V0713,"(145, 147)",numero_de_horas_habitualmente_trabalhadas_por_semana_no(s)_trabalho(s)_da_semana_de_referencia
V0714,"(147, 148)",cuidava_dos_afazeres_domesticos_na_semana_de_referencia
V0715,"(148, 150)",numero_de_horas_que_dedicava_normalmente_por_semana_aos_afazeres_domesticos
V0716,"(150, 151)",o_informante_desta_parte_foi
V9001,"(151, 152)",trabalhou_na_semana_de_referencia
V9002,"(152, 153)",esteve_afastado_temporariamente_do_trabalho_remunerado_que_tinha_na_semana_de_referencia
V9003,"(153, 154)",exerceu_tarefas_em_cultivo_pesca_ou_criacao_de_animais_destinados_a_propria_alimentacao_das_pessoas_moradoras_no_domicilio_na_semana_de_referencia
V9004,"(154, 155)",exerceu_tarefas_em_construcao_de_predio_comodo_poco_ou_outras_obras_de_construcao_destinadas_ao_proprio_uso_das_pessoas_moradoras_no_domicilio_na_semana_de_referencia
V9005,"(155, 156)",numero_de_trabalhos_que_tinha_na_semana_de_referencia
V9906,"(156, 160)",codigo_da_ocupacao_no_trabalho_principal_da_semana_de_referencia
V9907,"(160, 165)",codigo_da_atividade_principal_do_empreendimento_no_trabalho_principal_da_semana_de_referencia
V9008,"(165, 167)",posicao_na_ocupacao_no_trabalho_principal_da_semana_de_referencia
V9009,"(167, 168)",recebia_do_empregador_alguma_area_para_producao_particular
V9010,"(168, 169)",tinha_parceria_com_o_empregador
V90101,"(169, 170)",foi_contratado_somente_por_pessoa_responsavel_pelo_estabelecimento
V9011,"(170, 171)",foi_contratado_somente_por_pessoa(s)_responsavel(veis)_pelo(s)_estabelecimento(s)_em_que_trabalhou_como_empregado_temporario_no_mes_de_referencia
V9012,"(171, 172)","foi_contratado_como_empregado_temporario_somente_por_intermediario_(empresa_empreiteira_empreiteiro_""gato""_etc.)_no_mes_de_referencia"
V90121,"(172, 173)",foi_contratado_por_intemedio_de
V9013,"(173, 174)",teve_ajuda_de_trabalhador_nao_remunerado_membro_da_unidade_domiciliar_no_mes_de_referencia
V9014,"(174, 175)",numero_de_trabalhadores_nao_remunerados_membros_da_unidade_domiciliar_independentemente_da_idade_que_ajudaram_a_pessoa_que_era_empregado_no_mes_de_referencia
V9151,"(175, 176)",codigo_1_-_referente_a_1a_parcela_ou_parcela_unica_do_empreendimento
V9152,"(176, 187)",area_informada_na_1a_parcela_ou_parcela_unica_do_empreendimento
V9154,"(187, 194)",equivalencia_em_m2_referente_a_unidade_de_medida_de_superficie_em_v9152
V9156,"(194, 195)",codigo_3_-_referente_a_2a_parcela_do_empreendimento
V9157,"(195, 206)",area_informada_na_2a_parcela_do_empreendimento
V9159,"(206, 213)",equivalencia_em_m2_referente_a_unidade_de_medida_de_superficie_em_v9157
V9161,"(213, 214)",codigo_5_-_referente_a_3a_parcela_do_empreendimento
V9162,"(214, 225)",area_informada_na_3a_parcela_do_empreendimento
V9164,"(225, 232)",equivalencia_em_m2_referente_a_unidade_de_medida_de_superficie_em_v9162
V9016,"(232, 233)",tinha_pelo_menos_um_empregado_temporario_no_mes_de_referencia_no_trabalho_principal_da_semana_de_referencia
V9017,"(233, 234)",numero_de_empregados_temporarios_no_mes_de_referencia_no_trabalho_principal_da_semana_de_referencia
V9018,"(234, 235)",tinha_pelo_menos_um_empregado_permanente_no_mes_de_referencia_no_trabalho_principal_da_semana_de_referencia
V9019,"(235, 236)",numero_de_empregados_permanentes_no_mes_de_referencia_no_trabalho_principal_da_semana_de_referencia
V9201,"(236, 237)",codigo_2_-_referente_a_1a_parcela_ou_parcela_unica_do_empreendimento
V9202,"(237, 248)",area_informada_na_1a_parcela_ou_parcela_unica_do_empreendimento
V9204,"(248, 255)",equivalencia_em_m2_referente_a_unidade_de_medida_de_superficie_em_v9202
V9206,"(255, 256)",codigo_4_-_referente_a_2a_parcela_do_empreendimento
V9207,"(256, 267)",area_informada_na_2a_parcela_do_empreendimento
V9209,"(267, 274)",equivalencia_em_m2_referente_a_unidade_de_medida_de_superficie_em_v9207
V9211,"(274, 275)",codigo_6_-_referente_a_3a_parcela_do_empreendimento
V9212,"(275, 286)",area_informada_na_3a_parcela_do_empreendimento
V9214,"(286, 293)",equivalencia_em_m2_referente_a_unidade_de_medida_de_superficie_em_v9212
V9021,"(293, 294)",condicao_em_relacao_ao_empreendimento_do_grupamento_agricola
V9022,"(294, 295)",parceria_contratada_neste_trabalho
V9023,"(295, 296)",forma_contratada_de_pagamento_pelo_uso_do_bem_movel_ou_imovel_arrendado_para_o_empreendimento
V9024,"(296, 297)",assumiu_previamente_o_compromisso_de_vender_uma_parte_da_producao_principal_do_empreendimento_no_periodo_de_referencia_de_365_dias
V9025,"(297, 298)",vendeu_alguma_parte_da_producao_principal_do_empreendimento_no_periodo_de_referencia_de_365_dias
V9026,"(298, 299)",comprador_que_adquiriu_a_totalidade_ou_a_maior_parte_da_producao_principal_do_empreendimento_que_foi_vendida_no_periodo_de_referencia_de_365_dias.
V9027,"(299, 300)",algum_tipo_de_producao_desenvolvida_no_empreendimento_foi_consumida_como_alimentacao_pelos_membros_da_unidade_domiciliar_no_mes_de_referencia
V9028,"(300, 301)",parcela_da_alimentacao_consumida_pelos_membros_da_unidade_domiciliar_no_mes_de_referencia_que_foi_retirada_de_producao_desenvolvida_no_empreendimento
V9029,"(301, 302)",posicao_na_ocupacao_no_trabalho_principal_da_semana_de_referencia
V9030,"(302, 303)",a_jornada_normal_desse_trabalho_estava_totalmente_compreendida_no_periodo_de_5_horas_da_manha_as_10_horas_da_noite
V9031,"(303, 304)",a_jornada_normal_desse_trabalho_estava_totalmente_compreendida_no_periodo_noturno_de_10_horas_da_noite_as_5_horas_da_manha_seguinte
V9032,"(304, 305)",setor_do_emprego_no_trabalho_principal_da_semana_de_referencia
V9033,"(305, 306)",area_do_emprego_no_trabalho_principal_da_semana_de_referencia
V9034,"(306, 307)",era_militar_do_exercito_marinha_de_guerra_ou_aeronautica_no_trabalho_principal_da_semana_de_referencia
V9035,"(307, 308)",era_funcionario_publico_estatutario_no_trabalho_principal_da_semana_de_referencia
V9036,"(308, 309)",prestava_servico_domestico_remunerado_em_mais_de_um_domicilio_no_mes_de_referencia
V9037,"(309, 310)",exercia_habitualmente_esse_trabalho_pelo_menos_uma_vez_por_semana
V9038,"(310, 311)",numero_de_dias_por_semana_que_habitualmente_prestava_servico_domestico_remunerado
V9039,"(311, 312)",numero_de_dias_por_mes_que_habitualmente_prestava_servico_domestico_remunerado
V9040,"(312, 313)",numero_de_pessoas_ocupadas_no_mes_de_referencia_no_empreendimento_do_trabalho_principal_da_semana_de_referencia
V9041,"(313, 314)",forma_contratada_verbalmente_ou_por_escrito_para_o_calculo_da_remuneracao_no_trabalho_principal_da_semana_de_referencia
V9042,"(314, 315)",tinha_carteira_de_trabalho_assinada_no_trabalho_principal_da_semana_de_referencia_
V9043,"(315, 316)",recebeu_auxilio_para_moradia_no_mes_de_referencia
V9044,"(316, 317)",recebeu_auxilio_para_alimentacao_no_mes_de_referencia
V9045,"(317, 318)",recebeu_auxilio_para_transporte_no_mes_de_referencia
V9046,"(318, 319)",recebeu_auxilio_para_educacao_ou_creche_no_mes_de_referencia
V9047,"(319, 320)",recebeu_auxilio_para_saude_ou_reabilitacao_no_mes_de_referencia
V9048,"(320, 321)",numero_de_empregados_no_mes_de_referencia_no_empreendimento_do_trabalho_principal_da_semana_de_referencia
V9049,"(321, 322)",tinha_pelo_menos_um_socio_ocupado_no_mes_de_referencia_no_empreendimento_do_trabalho_principal_da_semana_de_referencia
V9050,"(322, 323)",numero_de_socios_ocupados_no_mes_de_referencia_no_empreendimento_do_trabalho_principal_da_semana_de_referencia
V9051,"(323, 324)",tinha_pelo_menos_um_trabalhador_nao_remunerado_no_mes_de_referencia_no_trabalho_principal_da_semana_de_referencia
V9052,"(324, 325)",numero_de_trabalhadores_nao_remunerados_ocupados_no_mes_de_referencia_no_trabalho_principal_da_semana_de_referencia
V9531,"(325, 326)",codigo_1_-_recebia_normalmente_rendimento_mensal_em_dinheiro_no_mes_de_referencia_no_trabalho_principal_da_semana_de_referencia
V9532,"(326, 338)",rendimento_mensal_em_dinheiro_que_recebia_normalmente_no_mes_de_referencia_no_trabalho_principal_da_semana_de_referencia
V9534,"(338, 339)",codigo_3_-_recebia_normalmente_rendimento_mensal_em_produtos_ou_mercadorias_no_mes_de_referencia_no_trabalho_principal_da_semana_de_referencia
V9535,"(339, 351)",rendimento_mensal_em_valor_dos_produtos_ou_mercadorias_que_recebia_normalmente_no_mes_de_referencia_no_trabalho_principal_da_semana_de_referencia
V9537,"(351, 352)",codigo_5_-_recebia_normalmente_rendimento_mensal_somente_em_beneficios_no_mes_de_referencia_no_trabalho_principal_da_semana_de_referencia
V90531,"(352, 353)",o_empreendimento_tem_registro_no_cadastro_nacional_de_pessoa_juridica_-_cnpj
V90532,"(353, 354)",esse_empreendimento_possuia_fatura_ou_nota_fiscal_para_emitir_aos_clientes
V90533,"(354, 355)",esse_empreendimento_entregava_contracheque_a_seus_funcionarios
V9054,"(355, 356)",tipo_de_estabelecimento_ou_onde_era_exercido_o_trabalho_principal_da_semana_de_referencia
V9055,"(356, 357)",morava_em_domicilio_que_estava_no_mesmo_terreno_ou_area_do_estabelecimento_em_que_tinha_trabalho
V9056,"(357, 358)",ia_direto_do_domicilio_em_que_morava_para_o_trabalho
V9057,"(358, 359)",tempo_de_percurso_diario_de_ida_da_residencia_para_o_local_de_trabalho
V9058,"(359, 361)",numero_de_horas_habitualmente_trabalhadas_por_semana_no_trabalho_principal_da_semana_de_referencia
V9059,"(361, 362)",era_contribuinte_para_instituto_de_previdencia_no_trabalho_principal_da_semana_de_referencia
V9060,"(362, 363)",instituto_de_previdencia_para_o_qual_contribuia_no_trabalho_principal_da_semana_de_referencia
V9611,"(363, 365)",numero_de_anos_no_trabalho_principal_da_semana_de_referencia_contados_ate_a_data_de_referencia
V9612,"(365, 367)",numero_de_meses_no_trabalho_principal_da_semana_de_referencia_contados_ate_a_data_de_referencia
V9062,"(367, 368)",saiu_de_algum_trabalho_no_periodo_de_captacao_de_358_dias
V9063,"(368, 369)",de_quantos_trabalhos_saiu_no_periodo_de_captacao_de_358_dias
V9064,"(369, 371)",numero_de_meses_que_permaneceu_nesse_trabalho_anterior_no_periodo_de_captacao_de_358_dias
V9065,"(371, 372)",era_empregado_com_carteira_de_trabalho_assinada_nesse_trabalho_anterior
V9066,"(372, 373)",recebeu_seguro-desemprego_depois_que_saiu_desse_emprego_anterior
V9067,"(373, 374)",teve_algum_trabalho_no_periodo_de_captacao_de_358_dias
V9068,"(374, 375)",exerceu_tarefas_em_cultivo_pesca_ou_criacao_de_animais_destinados_a_propria_alimentacao_das_pessoas_moradoras_no_domicilio_no_periodo_de_captacao_de_358_dias
V9069,"(375, 376)",exerceu_tarefas_em_construcao_de_predio_comodo_poco_ou_outras_obras_de_construcao_destinadas_ao_proprio_uso_das_pessoas_moradoras_no_domicilio_no_periodo_de_captacao_de_358_dias
V9070,"(376, 377)",de_quantos_trabalhos_saiu_no_periodo_de_captacao_de_358_dias
V9971,"(377, 381)",codigo_da_ocupacao_no_trabalho_anterior_do_periodo_de_captacao_de_358_dias_
V9972,"(381, 386)",codigo_da_atividade_principal_do_empreendimento_no_trabalho_anterior_do_periodo_de_captacao_de_358_dias
V9073,"(386, 388)",posicao_na_ocupacao_no_trabalho_anterior_do_periodo_de_captacao_de_358_dias
V9074,"(388, 389)",nesse_emprego_anterior_recebia_do_empregador_alguma_area_para_producao_particular
V9075,"(389, 390)",nesse_emprego_anterior_tinha_parceria_com_o_empregador
V9076,"(390, 391)",condicao_em_relacao_ao_empreendimento_agricola_nesse_trabalho_anterior
V9077,"(391, 392)",posicao_na_ocupacao_nesse_trabalho_anterior
V9078,"(392, 393)",setor_do_emprego_nesse_trabalho_anterior
V9079,"(393, 394)",area_do_emprego_nesse_trabalho_anterior
V9080,"(394, 395)",era_militar_do_exercito_marinha_de_guerra_ou_aeronautica_nesse_trabalho_anterior
V9081,"(395, 396)",era_funcionario_publico_estatutario_nesse_trabalho_anterior
V9082,"(396, 397)",prestava_servico_domestico_remunerado_em_mais_de_um_domicilio_nos_ultimos_30_dias_em_que_esteve_nesse_trabalho_anterior
V9083,"(397, 398)",tinha_carteira_de_trabalho_assinada_nesse_trabalho_anterior
V9084,"(398, 399)",apos_sair_desse_emprego_anterior_recebeu_seguro-desemprego
V9085,"(399, 400)",era_contribuinte_de_instituto_de_previdencia_por_esse_trabalho_anterior
V9861,"(400, 402)",numero_de_anos_nesse_trabalho_anterior
V9862,"(402, 404)",numero_de_meses_nesse_trabalho_anterior
V9087,"(404, 405)",era_associado_a_algum_sindicato_no_mes_de_referencia
V90871,"(405, 406)",embora_nao_fosse_associado_costumava_participar_de_alguma_atividade_promovida_por_sindicato_ligado_a_algum_trabalho_que_teve_no_periodo_de_referencia_de_365_dias
V908721,"(406, 407)",costumava_participar_de_assembleias_
V908722,"(407, 408)",costumava_participar_de_manifestacoes_
V908723,"(408, 409)",costumava_participar_de_palestras_cursos_ou_debates_
V908724,"(409, 410)",costumava_participar_de_eventos_comemorativos
V908725,"(410, 411)",costumava_participar_de_atividades_de_lazer_ou_esportivas_
V908726,"(411, 412)",costumava_participar_de_outra_atividade
V90873,"(412, 413)",ja_foi_associado_a_algum_sindicato_anteriormente
V90874,"(413, 414)",motivo_pelo_qual_nao_era_associado_a_algum_sindicato_no_mes_de_referencia
V9088,"(414, 415)",tipo_de_sindicato
V90881,"(415, 416)",_motivo_pelo_qual_se_associou_a_esse_sindicato
V90882,"(416, 417)",_costuma_utilizar_algum_servico_oferecido_por_esse_sindicato
V908831,"(417, 418)",_costuma_utilizar_atendimento_juridico
V908832,"(418, 419)",_costuma_utilizar_convenio_medico_ou_odontologico
V908833,"(419, 420)",_costuma_utilizar_atendimento_medico_ou_odontologico
V908834,"(420, 421)",_costuma_utilizar_convenio_com_instituicao_de_ensino_curso_ou_creche
V908835,"(421, 422)",_costuma_utilizar_convenio_com_estabelecimento_comercial_ou_de_servico_(otica_farmacia_restaurante_academia_de_ginastica_etc)
V908836,"(422, 423)",_costuma_utilizar_seguro_de_vida
V908837,"(423, 424)",_costuma_utilizar_outro_servico
V90884,"(424, 425)",_costumava_participar_de_alguma_atividade_promovida_por_esse_sindicato
V908851,"(425, 426)",_costumava_participar_de_assembleias
V908852,"(426, 427)",_costumava_participar_de_manifestacoes
V908853,"(427, 428)",_costumava_participar_de_palestras_cursos_ou_debates
V908854,"(428, 429)",_costumava_participar_de_eventos_comemorativos
V908855,"(429, 430)",_costumava_participar_de_atividades_de_lazer_ou_esportivas
V908856,"(430, 431)",_costumava_participar_de_outra_atividade
V90886,"(431, 432)",_no_mes_de_referencia_tinha_algum_cargo_de_representacao_dos_trabalhadores_na_organizacao_desse_sindicato
V90887,"(432, 433)",_no_periodo_de_365_dias_houve_participacao_desse_sindicato_em_negociacao_ou_dissidio_coletivo_no_trabalho_principal_que_tinha_na_semana_de_referencia
V908881,"(433, 434)",_aspectos_tratados_em_negociacoes_referem-se_a_rendimentos_monetarios
V908882,"(434, 435)",_aspectos_tratados_em_negociacoes_referem-se_a_beneficios
V908883,"(435, 436)",_aspectos_tratados_em_negociacoes_referem-se_a_jornada_de_trabalho
V908884,"(436, 437)",_aspectos_tratados_em_negociacoes_referem-se_a_condicoes_de_saude_e_seguranca_no_trabalho
V908885,"(437, 438)",_aspectos_tratados_em_negociacoes_referem-se_a_treinamento_ou_capacitacao_para_o_trabalho
V908886,"(438, 439)",_aspectos_tratados_em_negociacoes_referem-se_a_igualdade_de_oportunidades_e_de_tratamento
V908887,"(439, 440)",_aspectos_tratados_em_negociacoes_referem-se_a_outro_
V9891,"(440, 441)",faixa_de_idade_em_que_comecou_a_trabalhar
V9892,"(441, 443)",idade_com_que_comecou_a_trabalhar
V9990,"(443, 447)",codigo_da_ocupacao_no_trabalho_secundario_da_semana_de_referencia
V9991,"(447, 452)",codigo_da_atividade_principal_do_empreendimento_no_trabalho_secundario_da_semana_de_referencia
V9092,"(452, 453)",posicao_na_ocupacao_no_trabalho_secundario_da_semana_de_referencia
V9093,"(453, 454)",setor_do_emprego_nesse_trabalho_secundario
V9094,"(454, 455)",area_do_emprego_nesse_trabalho_secundario
V9095,"(455, 456)",era_militar_do_exercito_marinha_de_guerra_ou_aeronautica_nesse_trabalho_secundario
V9096,"(456, 457)",era_funcionario_publico_estatutario_nesse_trabalho_secundario
V9097,"(457, 458)",tinha_carteira_de_trabalho_assinada_nesse_trabalho_secundario_
V9981,"(458, 459)",codigo_2_-_recebia_normalmente_rendimento_mensal_em_dinheiro_no_mes_de_referencia_nesse_trabalho_secundario
V9982,"(459, 471)",rendimento_mensal_em_dinheiro_que_recebia_normalmente_no_mes_de_referencia_nesse_trabalho_secundario
V9984,"(471, 472)",codigo_4_-_recebia_normalmente_rendimento_mensal_em_produtos_ou_mercadorias_no_mes_de_referencia_nesse_trabalho_secundario
V9985,"(472, 484)",rendimento_mensal_em_valor_dos_produtos_ou_mercadorias_que_recebia_normalmente_no_mes_de_referencia_nesse_trabalho_secundario
V9987,"(484, 485)",codigo_6_-_recebia_normalmente_rendimento_mensal_somente_em_beneficios_no_mes_de_referencia_nesse_trabalho_secundario
V9099,"(485, 486)",era_contribuinte_de_instituto_de_previdencia_nesse_trabalho_secundario
V9100,"(486, 487)",instituto_de_previdencia_para_o_qual_contribuia_nesse_emprego_secundario
V9101,"(487, 489)",numero_de_horas_habitualmente_trabalhadas_por_semana_nesse_trabalho_secundario
V1021,"(489, 490)",codigo_2_-_recebia_normalmente_rendimento_mensal_em_dinheiro_no_mes_de_referencia_no(s)_outro(s)_trabalho(s)_da_semana_de_referencia
V1022,"(490, 502)",rendimento_mensal_em_dinheiro_que_recebia_normalmente_no_mes_de_referencia_no(s)_outro(s)_trabalho(s)_da_semana_de_referencia
V1024,"(502, 503)",codigo_4_-_recebia_normalmente_rendimento_mensal_em_produtos_ou_mercadorias_no_mes_de_referencia_no(s)_outro(s)_trabalho(s)_da_semana_de_referencia
V1025,"(503, 515)",rendimento_mensal_em_valor_dos_produtos_ou_mercadorias_que_recebia_normalmente_no_mes_de_referencia_no(s)_outro(s)_trabalho(s)_da_semana_de_referencia
V1027,"(515, 516)",codigo_6_-_recebia_normalmente_rendimento_mensal_somente_em_beneficios_no_mes_de_referencia_no(s)_outro(s)_trabalho(s)_da_semana_de_referencia
V1028,"(516, 517)",codigo_8_-_era_trabalhador_nao_remunerado_no_mes_de_referencia_no(s)_outro(s)_trabalho(s)_da_semana_de_referencia
V9103,"(517, 518)",era_contribuinte_de_instituto_de_previdencia_por_esse(s)_outro(s)_trabalho(s)_da_semana_de_referencia
V9104,"(518, 519)",instituto_de_previdencia_para_o_qual_contribuia_nesse(s)_outro(s)_trabalho(s)_da_semana_de_referencia
V9105,"(519, 521)",numero_de_horas_habitualmente_trabalhadas_por_semana_nesse(s)_outro(s)_trabalho(s)_da_semana_de_referencia
V9106,"(521, 522)",teve_algum_trabalho_antes_do_periodo_de_referencia_de_365_dias
V9107,"(522, 523)",exerceu_tarefas_em_cultivo_pesca_ou_criacao_de_animais_destinados_a_propria_alimentacao_das_pessoas_moradoras_no_domicilio_antes_do_periodo_de_referencia_de_365_dias
V9108,"(523, 524)",exerceu_tarefas_em_construcao_de_predio_comodo_poco_ou_outras_obras_de_construcao_destinadas_ao_proprio_uso_das_pessoas_moradoras_no_domicilio_antes_do_periodo_de_referencia_de_365_dias
V1091,"(524, 526)",numero_de_anos_contados_ate_a_data_de_referencia_desde_que_saiu_do_ultimo_trabalho
V1092,"(526, 528)",numero_de_meses_contados_ate_a_data_de_referencia_desde_que_saiu_do_ultimo_trabalho
V9910,"(528, 532)",codigo_da_ocupacao_no_utimo_trabalho_que_teve_no_periodo_de_referencia_de_menos_de_4_anos
V9911,"(532, 537)",codigo_da_atividade_principal_do_empreendimento_nesse_ultimo_trabalho_que_teve_no_periodo_de_referencia_de_menos_de_4_anos
V9112,"(537, 538)",posicao_na_ocupacao_no_ultimo_trabalho_no_periodo_de_referencia_de_menos_de_4_anos
V9113,"(538, 539)",era_militar_ou_funcionario_publico_estatutario_nesse_ultimo_trabalho_
V9114,"(539, 540)",tinha_carteira_de_trabalho_assinada_nesse_ultimo_trabalho_
V9115,"(540, 541)",tomou_alguma_providencia_para_conseguir_trabalho_na_semana_de_referencia
V9116,"(541, 542)",tomou_alguma_providencia_para_conseguir_trabalho_no_periodo_de_captacao_de_23_dias
V9117,"(542, 543)",tomou_alguma_providencia_para_conseguir_trabalho_no_periodo_de_captacao_de_30_dias
V9118,"(543, 544)",tomou_alguma_providencia_para_conseguir_trabalho_no_periodo_de_captacao_de_305_dias
V9119,"(544, 545)",ultima_providencia_que_tomou_para_conseguir_trabalho_no_periodo_de_referencia_de_365_dias
V9120,"(545, 546)",era_contribuinte_de_alguma_entidade_de_previdencia_privada_no_mes_de_referencia
V9121,"(546, 547)",cuidava_dos_afazeres_domesticos_na_semana_de_referencia
V9921,"(547, 549)",numero_de_horas_que_dedicava_normalmente_por_semana_aos_afazeres_domesticos
V9122,"(549, 550)",era_aposentado_de_instituto_de_previdencia_federal_(inss)_estadual_ou_municipal_ou_do_governo_federal_na_semana_de_referencia
V9123,"(550, 551)",era_pensionista_de_instituto_de_previdencia_federal_(inss)_estadual_ou_municipal_ou_do_governo_federal_na_semana_de_referencia
V9124,"(551, 552)",recebia_normalmente_rendimento_que_nao_era_proveniente_de_trabalho_(pensao_alimenticia_ou_de_fundo_de_pensao_abono_de_permanencia_aluguel_doacao_juros_de_caderneta_de_poupanca_dividendos_ou_outro_qualquer_
V1251,"(552, 554)",codigo_01_-_recebia_normalmente_rendimento_de_aposentadoria_de_instituto_de_previdencia_ou_do_governo_federal_no_mes_de_referencia
V1252,"(554, 566)",rendimento_de_aposentadoria_de_instituto_de_previdencia_ou_do_governo_federal_que_recebia_normalmente_no_mes_de_referencia
V1254,"(566, 568)",codigo_02_-_recebia_normalmente_rendimento_de_pensao_de_instituto_de_previdencia_ou_do_governo_federal_no_mes_de_referencia
V1255,"(568, 580)",rendimento_de_pensao_de_instituto_de_previdencia_ou_do_governo_federal_que_recebia_normalmente_no_mes_de_referencia
V1257,"(580, 582)",codigo_03_-_recebia_normalmente_rendimento_de_outro_tipo_de_aposentadoria_no_mes_de_referencia
V1258,"(582, 594)",rendimento_de_outro_tipo_de_aposentadoria_que_recebia_normalmente_no_mes_de_referencia
V1260,"(594, 596)",codigo_04_-_recebia_normalmente_rendimento_de_outro_tipo_de_pensao_no_mes_de_referencia
V1261,"(596, 608)",rendimento_de_outro_tipo_de_pensao_que_recebia_normalmente_no_mes_de_referencia
V1263,"(608, 610)",codigo_05_-_recebia_normalmente_rendimento_de_abono_de_permanencia_no_mes_de_referencia
V1264,"(610, 622)",rendimento_de_abono_de_permanencia_que_recebia_normalmente_no_mes_de_referencia
V1266,"(622, 624)",codigo_06_-_recebia_normalmente_rendimento_de_aluguel_no_mes_de_referencia
V1267,"(624, 636)",rendimento_de_aluguel_que_recebia_normalmente_no_mes_de_referencia
V1269,"(636, 638)",codigo_07_-_recebia_normalmente_rendimento_de_doacao_de_nao_morador_no_mes_de_referencia
V1270,"(638, 650)",rendimento_de_doacao_de_nao_morador_que_recebia_normalmente_no_mes_de_referencia
V1272,"(650, 652)",codigo_08_-_recebia_normalmente_juros_de_caderneta_de_poupanca_ou_de_outras_aplicacoes_financeiras_dividendos_programas_sociais_ou_outros_rendimentos_no_mes_de_referencia
V1273,"(652, 664)",juros_de_caderneta_de_poupanca_e_de_outras_aplicacoes_financeiras_dividendos_programas_sociais_e_outros_rendimentos_que_recebia_normalmente_no_mes_de_referencia
V9126,"(664, 665)",o_informante_desta_parte_foi
V1101,"(665, 666)",teve_algum_filho_nascido_vivo_ate_a_data_de_referencia
V1141,"(666, 668)",numero_de_filhos_tidos_do_sexo_masculino_que_moravam_no_domicilio
V1142,"(668, 670)",numero_de_filhos_tidos_do_sexo_feminino_que_moravam_no_domicilio
V1151,"(670, 672)",numero_de_filhos_tidos_do_sexo_masculino_ainda_vivos_que_moravam_em_outro_local_qualquer
V1152,"(672, 674)",numero_de_filhos_tidos_do_sexo_feminino_ainda_vivos_que_moravam_em_outro_local_qualquer
V1153,"(674, 675)",codigo_5_-_nao_sabe_o_numero_de_filhos_tidos_do_sexo_masculino_que_moravam_em_outro_local_qualquer
V1154,"(675, 676)",codigo_7_-_nao_sabe_o_numero_de_filhos_tidos_do_sexo_feminino_que_moravam_em_outro_local_qualquer
V1161,"(676, 678)",numero_de_filhos_tidos_do_sexo_masculino_que_morreram
V1162,"(678, 680)",numero_de_filhos_tidos_do_sexo_feminino_que_morreram
V1163,"(680, 681)",codigo_6_-_nao_sabe_o_numero_de_filhos_tidos_do_sexo_masculino_que_ja_morreram
V1164,"(681, 682)",codigo_8_-_nao_sabe_o_numero_de_filhos_tidos_do_sexo_feminino_que_ja_morreram
V1107,"(682, 683)",sexo_do_ultimo_filho_tido_nascido_vivo_ate_a_data_de_referencia
V1181,"(683, 685)",mes_de_nascimento_do_ultimo_filho_tido_nascido_vivo
V1182,"(685, 689)",ano_de_nascimento_do_ultimo_filho_tido_nascido_vivo
V1109,"(689, 690)",o_ultimo_filho_tido_nascido_vivo_ainda_estava_vivo_na_data_de_referencia
V1110,"(690, 691)",teve_algum_filho_com_7_meses_ou_mais_de_gestacao_que_nasceu_morto_ate_a_data_de_referencia
V1111,"(691, 693)",numero_de_filhos_tidos_nascidos_mortos_do_sexo_masculino_ate_a_data_de_referencia
V1112,"(693, 695)",numero_de_filhos_tidos_nascidos_mortos_do_sexo_feminino_ate_a_data_de_referencia
V1113,"(695, 696)",codigo_5_-_nao_sabe_o_numero_de_filhos_tidos_nascidos_mortos_do_sexo_masculino_ate_a_data_de_referencia
V1114,"(696, 697)",codigo_7_-_nao_sabe_o_numero_de_filhos_tidos_nascidos_mortos_do_sexo_feminino_ate_a_data_de_referencia
V1115,"(697, 698)",o_informante_desta_parte_foi
V4801,"(698, 700)",nivel_de_ensino_duracao_do_ensino_fundamental_e_serie_que_frequentavam_(todos_os_estudantes)
V4802,"(700, 702)",nivel_de_ensino_e_grupos_de_series_do_ensino_fundamental_que_frequentavam_(todos_os_estudantes)
V4803,"(702, 704)",anos_de_estudo_(todas_as_pessoas)
V4704,"(704, 705)",condicao_de_atividade
V4805,"(705, 706)",condicao_de_ocupacao_no_periodo_de_referencia_de_365_dias
V4706,"(706, 708)",posicao_na_ocupacao_no_trabalho_principal
V4707,"(708, 709)",horas_habitualmente_trabalhadas_por_semana_em_todos_os_trabalhos
V4808,"(709, 710)",atividade_principal_do_empreendimento_do_trabalho_principal_
V4809,"(710, 712)",grupamentos_de_atividade_principal_do_empreendimento_do_trabalho_principal_
V4810,"(712, 714)",grupamentos_ocupacionais_do_trabalho_principal
V4711,"(714, 715)",contribuicao_para_instituto_de_previdencia_em_qualquer_trabalho_
V4812,"(715, 716)",atividade_principal_do_empreendimento_no_trabalho_principal_do_periodo_de_referencia_de_365_dias
V4713,"(716, 717)",condicao_de_atividade_no_trabalho_principal_do_periodo_de_referencia_de_365_dias
V4814,"(717, 718)",condicao_de_ocupacao_no_periodo_de_referencia_de_365_dias
V4715,"(718, 720)",posicao_na_ocupacao_no_trabalho_principal_do_periodo_de_referencia_de_365_dias
V4816,"(720, 722)",grupamentos_de_atividade_no_trabalho_principal_do_periodo_de_referencia_de_365_dias
V4817,"(722, 724)",grupamentos_ocupacionais_do_trabalho_principal_do_periodo_de_referencia_de_365_dias
V4718,"(724, 736)",rendimento_mensal_do_trabalho_principal_para_pessoas_de_10_anos_ou_mais_de_idade
V4719,"(736, 748)",rendimento_mensal_de_todos_os_trabalhos_para_pessoas_de_10_anos_ou_mais_de_idade
V4720,"(748, 760)",rendimento_mensal_de_todas_as_fontes_para_pessoas_de_10_anos_ou_mais_de_idade
V4721,"(760, 772)",rendimento_mensal_domiciliar
V4722,"(772, 784)",rendimento_mensal_familiar_
V4723,"(784, 786)",tipo_de_familia
V4724,"(786, 788)",numero_de_componentes_da_familia_
V4727,"(788, 789)",codigo_de_area_censitaria
V4728,"(789, 790)",codigo_de_situacao_censitaria
V4729,"(790, 795)",peso_da_pessoa
V4732,"(795, 800)",peso_da_familia
V4735,"(800, 801)",controle_da_tabulacao_de_fecundidade_para_mulheres_com_10_anos_ou_mais_de_idade
V4838,"(801, 802)",grupos_de_anos_de_estudo
V6502,"(802, 803)",crianca_de_5_a_17_anos_de_idade
V4741,"(803, 805)",numero_de_componentes_do_domicilio_
V4742,"(805, 817)",rendimento_mensal_domiciliar_per_capita_
V4743,"(817, 819)",faixa_de_rendimento_mensal_domiciliar_per_capita_
V4745,"(819, 820)",nivel_de_instrucao_mais_elevado_alcancado
V4746,"(820, 821)",situacao_de_ocupacao_na_semana_de_referencia_das_pessoas_de_5_anos_ou_mais_de_idade
V4747,"(821, 822)",atividade_principal_do_empreendimento_do_trabalho_principal_
V4748,"(822, 823)",atividade_principal_do_empreendimento_do_trabalho_principal_do_periodo_de_referencia_de_365_dias
V4749,"(823, 824)",situacao_de_ocupacao_no_periodo_de_referencia_de_365_dias_das_pessoas_de_5_anos_ou_mais_de_idade
V4750,"(824, 836)",rendimento_mensal_familiar_per_capita_
V38011,"(836, 838)",primeiro_responsavel_pela_crianca_no_domicilio
V38012,"(838, 840)",segundo_responsavel_pela_crianca_no_domicilio
V3802,"(840, 841)",nos_ultimos_tres_meses_normalmente_de_segunda_a_sexta_onde_a_crianca_fica_no_periodo_da_manha
V3803,"(841, 842)",qual_o_principal_motivo_para_a_crianca_ficar_neste_local
V3804,"(842, 843)",a_crianca_fica_o_periodo_da_tarde_neste_mesmo_local_e_com_a_mesma_pessoa?
V3805,"(843, 844)",nos_ultimos_tres_meses_normalmente_de_segunda_a_sexta_onde_a_crianca_fica_no_periodo_da_tarde
V3806,"(844, 845)",qual_o_principal_motivo_para_a_crianca_ficar_neste_local
V3807,"(845, 846)",tem_interesse_em_matricular_a_crianca_em_creche_ou_escola
V3808,"(846, 847)",qual_a_principal_acao_que_o_responsavel_pela_crianca_tomou_para_obter_uma_vaga_em_creche_ou_escola
V3809,"(847, 848)",informante_desta_parte
V37001,"(848, 849)",marca_de_selecao_de_pessoa_para_o_suplemento_de_aspectos_das_relacoes_de_trabalho
V37002,"(849, 850)",tipo_de_entrevista
V3701,"(850, 851)",foi_contratado_por_intermediario_no_trabalho_unico_ou_principal_da_semana_de_referencia
V3702,"(851, 852)",foi_contratado_por_
V3703,"(852, 853)",grau_de_satisfacao_quanto_as_condicoes_prometidas_e_encontradas_efetivamente
V3704,"(853, 854)",numero_de_horas_efetivamente_trabalhadas_estava
V3705,"(854, 855)",sobre_a_alteracao_do_numero_de_horas_trabalhadas_em_relacao_ao_que_tinha_sido_acordado
V3706,"(855, 856)",rendimento_efetivamente_recebido_no_trabalho_da_semana_de_referencia_estava
V37071,"(856, 857)",possuia_debito_financeiro_de_aluguel_que_o_impedia_de_sair_do_trabalho_que_tinha_na_semana_de_referencia
V37072,"(857, 858)",possuia_debito_financeiro_de_alimentacao_que_o_impedia_de_sair_do_trabalho_que_tinha_na_semana_de_referencia
V37073,"(858, 859)",possuia_debito_financeiro_de_instrumentos_de_trabalho_que_o_impedia_de_sair_do_trabalho_que_tinha_na_semana_de_referencia
V37074,"(859, 860)",possuia_debito_financeiro_de_transporte_que_o_impedia_de_sair_do_trabalho_que_tinha_na_semana_de_referencia
V37075,"(860, 861)",possuia_outro_debito_financeiro_que_o_impedia_de_sair_do_trabalho_que_tinha_na_semana_de_referencia
V37091,"(861, 862)",grau_de_satisfacao_quanto_ao_salario_e_complementos/gratificacoes_salariais
V37092,"(862, 863)",grau_de_satisfacao_quanto_ao_valor_do_auxilio_alimentacao
V37093,"(863, 864)",grau_de_satisfacao_quanto_a_jornada_de_trabalho
V37094,"(864, 865)",grau_de_satisfacao_quanto_a_flexibilidade_de_horario
V37095,"(865, 866)",grau_de_satisfacao_quanto_ao_processo_de_capacitacao_profissional
V37096,"(866, 867)",grau_de_satisfacao_quanto_a_promocao_de_igualdade_de_oportunidades_e_de_tratamento_no_trabalho
V37097,"(867, 868)",grau_de_satisfacao_quanto_a_salubridade_e_a_seguranca_no_ambiente_de_trabalho
V37098,"(868, 869)",grau_de_satisfacao_quanto_aos_beneficios_sociais_complementares
V3719,"(869, 874)",peso_do_morador_selecionado_para_o_suplemento_de_aspectos_das_relacoes_de_trabalho_sem_ajuste_pela_projecao_de_populacao
V3720,"(874, 879)",peso_do_morador_selecionado_para_o_suplemento_de_aspectos_das_relacoes_de_trabalho_com_ajuste_pela_projecao_de_populacao_-_usado_no_calculo_de_indicadores_de_morador_selecionado
V36001,"(879, 880)",marca_de_selecao_de_pessoa_para_o_suplemento_de_praticas_de_esporte_e_atividade_fisica
V36002,"(880, 881)",tipo_de_entrevista
V3601,"(881, 882)",no_periodo_de_referencia_de_365_dias_praticou_algum_esporte_no_tempo_livre_(fora_do_horario_de_trabalho_e_de_educacao_fisica_na_escola)
V3602,"(882, 883)",por_que_motivo_praticou_esporte_no_periodo_de_referencia_de_365_dias_
V3603,"(883, 884)",frequencia_com_que_costumava_praticar_esporte_no_periodo_de_referencia_de_365_dias
V3604,"(884, 886)",numero_de_meses_em_que_praticou_esporte_com_essa_frequencia
V3605,"(886, 887)",em_dia_que_costumava_praticar_esporte_o_tempo_que_normalmente_dedicava_era_de
V3606,"(887, 888)",no_periodo_de_referencia_de_365_dias_praticou_mais_de_uma_modalidade_de_esporte
V3607,"(888, 893)",codigo_do_principal_esporte_que_praticou_no_periodo_de_referencia_de_365_dias
V3608,"(893, 894)",costumava_praticar_esse_esporte_em
V3609,"(894, 895)",nesse_periodo_praticou_esse_principal_esporte_com_orientacao_de_professor_ou_instrutor
V3610,"(895, 896)",nesse_periodo_praticou_esse_principal_esporte_como_representante_ou_filiado_a_alguma_instituicao
V3611,"(896, 897)",essa_instituicao_era
V3612,"(897, 898)",nesse_periodo_participou_de_alguma_competicao_desse_principal_esporte_
V3613,"(898, 899)",o_nivel_dessa_competicao_foi
V3614,"(899, 900)",no_periodo_de_365_dias_alem_de_todas_as_atividades_de_esporte_praticou_alguma_outra_que_considerava_como_atividade_fisica_no_seu_tempo_livre_(fora_do_horario_de_trabalho_e_da_educacao_fisica_na_escola)
V3615,"(900, 901)",por_que_motivo_nao_praticou_esporte_no_periodo_de_referencia_de_365_dias_
V3616,"(901, 902)",ja_praticou_algum_esporte_antes_de_27_de_setembro_de_2014
V3617,"(902, 907)",codigo_do_ultimo_esporte_que_praticou_anteriormente
V3618,"(907, 909)",idade_com_que_deixou_de_praticar_esporte
V3619,"(909, 910)",por_que_motivo_parou_de_praticar_esporte
V3620,"(910, 911)",no_periodo_de_referencia_de_365_dias_praticou_alguma_atividade_fisica_que_nao_considera_esporte_no_seu_tempo_livre_(fora_do_horario_de_trabalho_ou_da_educacao_fisica_na_escola)
V3621,"(911, 912)",por_que_motivo_praticou_atividade_fisica_no_periodo_de_referencia_de_365_dias_
V3622,"(912, 913)",frequencia_com_que_costumava_praticar_atividade_fisica_no_periodo_de_referencia_de_365_dias
V3623,"(913, 915)",numero_de_meses_em_que_praticou_atividade_fisica_com_essa_frequencia
V3624,"(915, 916)",em_dia_que_costumava_praticar_atividade_fisica_o_tempo_que_normalmente_dedicava_era_de
V3625,"(916, 921)",codigo_da_atividade_fisica_que_praticou_nesse_periodo
V3626,"(921, 922)",costumava_praticar_essa_atividade_fisica_em
V3627,"(922, 923)",nesse_periodo_praticou_essa_principal_atividade_fisica_com_orientacao_de_professor_ou_instrutor
V3628,"(923, 924)",nesse_periodo_praticou_essa_principal_atividade_fisica_como_representante_ou_filiado_a_alguma_instituicao
V3629,"(924, 925)",essa_instituicao_era
V3630,"(925, 926)",nesse_periodo_participou_de_alguma_competicao_dessa_principal_atividade_fisica
V3631,"(926, 927)",o_nivel_dessa_competicao_foi
V3632,"(927, 928)",em_sua_opiniao_o_poder_publico_deveria_investir_no_desenvolvimento_de_atividades_fisicas_ou_esportivas_na_vizinhanca_em_que_reside
V3633,"(928, 929)",em_sua_opiniao_em_que_o_poder_publico_deveria_investir_primeiramente_na_vizinhanca_em_que_reside
V3634,"(929, 930)",esse_investimento_na_vizinhanca_em_que_reside_deveria_ser_primeiramente
V3637,"(930, 935)",peso_do_morador_selecionado_para_o_suplemento_de_praticas_de_esporte_e_atividade_fisica_sem_ajuste_pela_projecao_de_populacao
V3638,"(935, 940)",peso_do_morador_selecionado_para_o_suplemento_de_praticas_de_esporte_e_atividade_fisica_com_ajuste_pela_projecao_de_populacao_-_usado_no_calculo_de_indicadores_de_morador_selecionado
V9993,"(940, 948)",data_de_geracao_do_arquivo_de_microdados
